Course Name,Provider,Skills Gained,Rating & Reviews,Level & Duration,Course Image,Provider Image,Course Link
Data Scientist Career Guide and Interview Preparation,IBM,"Professional Networking, Interviewing Skills, Professional Development",4.8 stars,1 - 4 Weeks,https://d3njjcbhbojbot.cloudfront.net/api/utilities/v1/imageproxy/https://s3.amazonaws.com/coursera-course-photos/24/e98ce76534478397461957eea44876/Career-Guide-and-Interview-Prep-for-Data-Science-PC.png?auto=format%2Ccompress%2C%20enhance&dpr=1&w=265&h=216&fit=crop&q=50,https://d3njjcbhbojbot.cloudfront.net/api/utilities/v1/imageproxy/http://coursera-university-assets.s3.amazonaws.com/bb/f5ced2bdd4437aa79f00eb1bf7fbf0/IBM-Logo-Blk---Square.png?auto=format%2Ccompress&dpr=3&w=24&h=24,https://www.coursera.org/learn/career-guide-and-interview-prep-for-data-science-pc
Microsoft Azure Data Scientist Associate (DP-100) Exam Prep,Microsoft,"Databricks, Unsupervised Learning, PySpark",4.2 stars,3 - 6 Months,https://d3njjcbhbojbot.cloudfront.net/api/utilities/v1/imageproxy/https://d15cw65ipctsrr.cloudfront.net/a9/6fa836e5fc414cb62654b5779bde7e/DP-100.png?auto=format%2Ccompress%2C%20enhance&dpr=1&w=265&h=216&fit=crop&q=50,https://d3njjcbhbojbot.cloudfront.net/api/utilities/v1/imageproxy/http://coursera-university-assets.s3.amazonaws.com/cc/61dbdf2c1c475d82d3b8bf8eee1bda/MSFT-stacked-logo_FINAL.png?auto=format%2Ccompress&dpr=3&w=24&h=24,https://www.coursera.org/professional-certificates/azure-data-scientist
"Python for Data Science, AI & Development",Python for Data Science,"Jupyter, Automation, Web Scraping",AI & Development Course by IBM,1 - 3 Months,https://d3njjcbhbojbot.cloudfront.net/api/utilities/v1/imageproxy/https://s3.amazonaws.com/coursera-course-photos/fc/c1b8dfbac740999b6256aca490de43/Python-Image.jpg?auto=format%2Ccompress%2C%20enhance&dpr=1&w=265&h=216&fit=crop&q=50,https://d3njjcbhbojbot.cloudfront.net/api/utilities/v1/imageproxy/http://coursera-university-assets.s3.amazonaws.com/bb/f5ced2bdd4437aa79f00eb1bf7fbf0/IBM-Logo-Blk---Square.png?auto=format%2Ccompress&dpr=3&w=24&h=24,https://www.coursera.org/learn/python-for-applied-data-science-ai
Excel Basics for Data Analysis,IBM,"Excel Formulas, Microsoft Excel, Data Cleansing",4.8 stars,1 - 3 Months,https://d3njjcbhbojbot.cloudfront.net/api/utilities/v1/imageproxy/https://s3.amazonaws.com/coursera-course-photos/d3/1b8035aa844596a652515a08db8a42/IBM-DA-Course-2_New-Option-3.jpg?auto=format%2Ccompress%2C%20enhance&dpr=1&w=265&h=216&fit=crop&q=50,https://d3njjcbhbojbot.cloudfront.net/api/utilities/v1/imageproxy/http://coursera-university-assets.s3.amazonaws.com/bb/f5ced2bdd4437aa79f00eb1bf7fbf0/IBM-Logo-Blk---Square.png?auto=format%2Ccompress&dpr=3&w=24&h=24,https://www.coursera.org/learn/excel-basics-data-analysis-ibm
Databases and SQL for Data Science with Python,IBM,"SQL, Databases, Stored Procedure",4.7 stars,1 - 3 Months,https://d3njjcbhbojbot.cloudfront.net/api/utilities/v1/imageproxy/https://s3.amazonaws.com/coursera-course-photos/bb/f59850318b11e88de79f6e54d6a7e2/184x184-SQL-for-DataScience.png?auto=format%2Ccompress%2C%20enhance&dpr=1&w=265&h=216&fit=crop&q=50,https://d3njjcbhbojbot.cloudfront.net/api/utilities/v1/imageproxy/http://coursera-university-assets.s3.amazonaws.com/bb/f5ced2bdd4437aa79f00eb1bf7fbf0/IBM-Logo-Blk---Square.png?auto=format%2Ccompress&dpr=3&w=24&h=24,https://www.coursera.org/learn/sql-data-science
Data Analysis with Python,IBM,"Data Wrangling, Data Cleansing, Data Analysis",4.7 stars,1 - 3 Months,https://d3njjcbhbojbot.cloudfront.net/api/utilities/v1/imageproxy/https://s3.amazonaws.com/coursera-course-photos/1e/bccef0386611e889ebf7c982548ca6/Screen-Shot-2018-04-04-at-8.13.17-PM.png?auto=format%2Ccompress%2C%20enhance&dpr=1&w=265&h=216&fit=crop&q=50,https://d3njjcbhbojbot.cloudfront.net/api/utilities/v1/imageproxy/http://coursera-university-assets.s3.amazonaws.com/bb/f5ced2bdd4437aa79f00eb1bf7fbf0/IBM-Logo-Blk---Square.png?auto=format%2Ccompress&dpr=3&w=24&h=24,https://www.coursera.org/learn/data-analysis-with-python
Data Analysis with R Programming,Google,"Rmarkdown, Ggplot2, R Programming",4.8 stars,1 - 3 Months,https://d3njjcbhbojbot.cloudfront.net/api/utilities/v1/imageproxy/https://s3.amazonaws.com/coursera-course-photos/8f/d818b92890422fb742307e1dd0290a/Data-Analysis-with-R-Programing.png?auto=format%2Ccompress%2C%20enhance&dpr=1&w=320&h=180&q=50&fit=crop&crop=faces,https://d3njjcbhbojbot.cloudfront.net/api/utilities/v1/imageproxy/http://coursera-university-assets.s3.amazonaws.com/4a/cb36835ae3421187080898a7ecc11d/Google-G_360x360.png?auto=format%2Ccompress&dpr=3&w=24&h=24,https://www.coursera.org/learn/data-analysis-r
Introduction to Data Analytics,IBM,"Big Data, Data Analysis, Statistical Analysis",4.8 stars,1 - 3 Months,https://d3njjcbhbojbot.cloudfront.net/api/utilities/v1/imageproxy/https://s3.amazonaws.com/coursera-course-photos/77/330fd160df42a79e6286fdc7b6b60f/Course-1--Introduction-to-Data-Analysis_1200x600.jpg?auto=format%2Ccompress%2C%20enhance&dpr=1&w=265&h=216&q=50&fit=crop,https://d3njjcbhbojbot.cloudfront.net/api/utilities/v1/imageproxy/http://coursera-university-assets.s3.amazonaws.com/bb/f5ced2bdd4437aa79f00eb1bf7fbf0/IBM-Logo-Blk---Square.png?auto=format%2Ccompress&dpr=3&w=24&h=24,https://www.coursera.org/learn/introduction-to-data-analytics
Foundations of Data Science,Google,"Data Storytelling, Data Ethics, Data Analysis",4.7 stars,1 - 3 Months,https://d3njjcbhbojbot.cloudfront.net/api/utilities/v1/imageproxy/https://s3.amazonaws.com/coursera-course-photos/70/f904e2a34f44e68fbd22b57349ce05/Foundations-of-Data-Science.png?auto=format%2Ccompress%2C%20enhance&dpr=1&w=320&h=180&q=50&fit=crop&crop=faces,https://d3njjcbhbojbot.cloudfront.net/api/utilities/v1/imageproxy/http://coursera-university-assets.s3.amazonaws.com/4a/cb36835ae3421187080898a7ecc11d/Google-G_360x360.png?auto=format%2Ccompress&dpr=3&w=24&h=24,https://www.coursera.org/learn/foundations-of-data-science
Machine Learning,DeepLearning.AI,"Unsupervised Learning, Supervised Learning, Artificial Intelligence and Machine Learning (AI/ML)",Stanford University,1 - 3 Months,https://d3njjcbhbojbot.cloudfront.net/api/utilities/v1/imageproxy/https://d15cw65ipctsrr.cloudfront.net/3a/9d2a7af297483a845340bcfbac6f1e/MLS.course-banners-01_Course-Logo-.png?auto=format%2Ccompress%2C%20enhance&dpr=1&w=265&h=216&q=50&fit=crop,https://d3njjcbhbojbot.cloudfront.net/api/utilities/v1/imageproxy/http://coursera-university-assets.s3.amazonaws.com/b4/5cb90bb92f420b99bf323a0356f451/Icon.png?auto=format%2Ccompress&dpr=3&w=24&h=24,https://www.coursera.org/specializations/machine-learning-introduction
IBM Data Science,IBM,"Dashboard, Data Visualization Software, Data Wrangling",4.6 stars,3 - 6 Months,https://d3njjcbhbojbot.cloudfront.net/api/utilities/v1/imageproxy/https://d15cw65ipctsrr.cloudfront.net/23/22bc54f77f45a2b057f4ff518d272f/iStock-1169539468.jpg?auto=format%2Ccompress%2C%20enhance&dpr=1&w=265&h=216&q=50&fit=crop,https://d3njjcbhbojbot.cloudfront.net/api/utilities/v1/imageproxy/http://coursera-university-assets.s3.amazonaws.com/bb/f5ced2bdd4437aa79f00eb1bf7fbf0/IBM-Logo-Blk---Square.png?auto=format%2Ccompress&dpr=3&w=24&h=24,https://www.coursera.org/professional-certificates/ibm-data-science
Building a Data Science Team,Johns Hopkins University,"Employee Onboarding, Team Motivation, Interviewing Skills",4.5 stars,1 - 4 Weeks,https://d3njjcbhbojbot.cloudfront.net/api/utilities/v1/imageproxy/https://s3.amazonaws.com/coursera-course-photos/df/d28dd045ea11e58738b93f7fb6a31b/2959253587_05102df8df_o.jpg?auto=format%2Ccompress%2C%20enhance&dpr=1&w=265&h=216&q=50&fit=crop,https://d3njjcbhbojbot.cloudfront.net/api/utilities/v1/imageproxy/http://coursera-university-assets.s3.amazonaws.com/93/57fd6a96044c4bad3139afd3e87fd6/jhu-shield.png?auto=format%2Ccompress&dpr=3&w=24&h=24,https://www.coursera.org/learn/build-data-science-team
Google Data Analytics,Google,"Data Storytelling, Rmarkdown, Data Visualization",4.8 stars,3 - 6 Months,https://d3njjcbhbojbot.cloudfront.net/api/utilities/v1/imageproxy/https://d15cw65ipctsrr.cloudfront.net/41/4d3d7c05fb42729c9d90352e072ca3/1060x596_GCC-photos_Karrim.png?auto=format%2Ccompress%2C%20enhance&dpr=1&w=320&h=180&q=50&fit=crop&crop=faces,https://d3njjcbhbojbot.cloudfront.net/api/utilities/v1/imageproxy/http://coursera-university-assets.s3.amazonaws.com/4a/cb36835ae3421187080898a7ecc11d/Google-G_360x360.png?auto=format%2Ccompress&dpr=3&w=24&h=24,https://www.coursera.org/professional-certificates/google-data-analytics
Google Project Management:,Google,"Quality Management, Project Scoping, Project Closure",4.8 stars,3 - 6 Months,https://d3njjcbhbojbot.cloudfront.net/api/utilities/v1/imageproxy/https://d15cw65ipctsrr.cloudfront.net/bf/b07da9bbe24cb8b0daa00010ff8b22/1060x596_GCC-photos_Ashley.png?auto=format%2Ccompress%2C%20enhance&dpr=1&w=320&h=180&q=50&fit=crop&crop=faces,https://d3njjcbhbojbot.cloudfront.net/api/utilities/v1/imageproxy/http://coursera-university-assets.s3.amazonaws.com/4a/cb36835ae3421187080898a7ecc11d/Google-G_360x360.png?auto=format%2Ccompress&dpr=3&w=24&h=24,https://www.coursera.org/professional-certificates/google-project-management
Google IT Support,Google,"Computer Networking, Network Troubleshooting, Package and Software Management",4.8 stars,3 - 6 Months,https://d3njjcbhbojbot.cloudfront.net/api/utilities/v1/imageproxy/https://d15cw65ipctsrr.cloudfront.net/5e/107f6ec9544c0a9785cd4b16787917/Amie-Hanbury-Hero-Image-.jpg?auto=format%2Ccompress%2C%20enhance&dpr=1&w=320&h=180&q=50&fit=crop&crop=faces,https://d3njjcbhbojbot.cloudfront.net/api/utilities/v1/imageproxy/http://coursera-university-assets.s3.amazonaws.com/4a/cb36835ae3421187080898a7ecc11d/Google-G_360x360.png?auto=format%2Ccompress&dpr=3&w=24&h=24,https://www.coursera.org/professional-certificates/google-it-support
IBM Generative AI Engineering,IBM,"Generative AI, Data Wrangling, Unit Testing",4.6 stars,3 - 6 Months,https://d3njjcbhbojbot.cloudfront.net/api/utilities/v1/imageproxy/https://d15cw65ipctsrr.cloudfront.net/ca/1f2b5191954fdb867790ef74e8cbe3/200859-Logo-image.png?auto=format%2Ccompress%2C%20enhance&dpr=1&w=265&h=216&q=50&fit=crop,https://d3njjcbhbojbot.cloudfront.net/api/utilities/v1/imageproxy/http://coursera-university-assets.s3.amazonaws.com/bb/f5ced2bdd4437aa79f00eb1bf7fbf0/IBM-Logo-Blk---Square.png?auto=format%2Ccompress&dpr=3&w=24&h=24,https://www.coursera.org/professional-certificates/ibm-generative-ai-engineering
Deep Learning,DeepLearning.AI,"Computer Vision, Deep Learning, Image Analysis",4.8 stars,3 - 6 Months,https://d3njjcbhbojbot.cloudfront.net/api/utilities/v1/imageproxy/https://d15cw65ipctsrr.cloudfront.net/a4/079d5e7c7b45ac9107f22bfcfeab91/Specialization-logo.png?auto=format%2Ccompress%2C%20enhance&dpr=1&w=265&h=216&q=50&fit=crop,https://d3njjcbhbojbot.cloudfront.net/api/utilities/v1/imageproxy/http://coursera-university-assets.s3.amazonaws.com/b4/5cb90bb92f420b99bf323a0356f451/Icon.png?auto=format%2Ccompress&dpr=3&w=24&h=24,https://www.coursera.org/specializations/deep-learning
IBM Data Analyst,IBM,"Data Storytelling, Dashboard, Data Visualization Software",4.6 stars,3 - 6 Months,https://d3njjcbhbojbot.cloudfront.net/api/utilities/v1/imageproxy/https://d15cw65ipctsrr.cloudfront.net/63/baf9bea98641aeb8fd36a7b1291791/DA-PC_Image.jpg?auto=format%2Ccompress%2C%20enhance&dpr=1&w=265&h=216&q=50&fit=crop,https://d3njjcbhbojbot.cloudfront.net/api/utilities/v1/imageproxy/http://coursera-university-assets.s3.amazonaws.com/bb/f5ced2bdd4437aa79f00eb1bf7fbf0/IBM-Logo-Blk---Square.png?auto=format%2Ccompress&dpr=3&w=24&h=24,https://www.coursera.org/professional-certificates/ibm-data-analyst
Preparing for Google Cloud Certification: Cloud Data Engineer,Google Cloud,"Data Pipelines, Google Cloud Platform, Real Time Data",4.6 stars,3 - 6 Months,https://d3njjcbhbojbot.cloudfront.net/api/utilities/v1/imageproxy/https://d15cw65ipctsrr.cloudfront.net/63/c6c427d9244493b8074cd432eab090/DE.jpg?auto=format%2Ccompress%2C%20enhance&dpr=1&w=265&h=216&q=50&fit=crop,https://d3njjcbhbojbot.cloudfront.net/api/utilities/v1/imageproxy/http://coursera-university-assets.s3.amazonaws.com/74/fa9028074941789429dfc1d1b71ddf/gc-logo-360x360.png?auto=format%2Ccompress&dpr=3&w=24&h=24,https://www.coursera.org/professional-certificates/gcp-data-engineering
Google Advanced Data Analytics,Google,"Exploratory Data Analysis, Data Storytelling, Sampling (Statistics)",4.7 stars,3 - 6 Months,https://d3njjcbhbojbot.cloudfront.net/api/utilities/v1/imageproxy/https://d15cw65ipctsrr.cloudfront.net/5d/8175a2dc034bc48e8fe31b6d6f7a2c/1060x596_GCC-photos_Nick.png?auto=format%2Ccompress%2C%20enhance&dpr=1&w=320&h=180&q=50&fit=crop&crop=faces,https://d3njjcbhbojbot.cloudfront.net/api/utilities/v1/imageproxy/http://coursera-university-assets.s3.amazonaws.com/4a/cb36835ae3421187080898a7ecc11d/Google-G_360x360.png?auto=format%2Ccompress&dpr=3&w=24&h=24,https://www.coursera.org/professional-certificates/google-advanced-data-analytics
Data Visualization with Python,IBM,"Data Visualization Software, Plotly, Data Visualization",4.5 stars,1 - 3 Months,https://d3njjcbhbojbot.cloudfront.net/api/utilities/v1/imageproxy/https://s3.amazonaws.com/coursera-course-photos/62/5322b0381e11e8b10fefac82942bd7/Data-Visualization-with-Python.png?auto=format%2Ccompress%2C%20enhance&dpr=1&w=265&h=216&q=50&fit=crop,https://d3njjcbhbojbot.cloudfront.net/api/utilities/v1/imageproxy/http://coursera-university-assets.s3.amazonaws.com/bb/f5ced2bdd4437aa79f00eb1bf7fbf0/IBM-Logo-Blk---Square.png?auto=format%2Ccompress&dpr=3&w=24&h=24,https://www.coursera.org/learn/python-for-data-visualization
SQL für Data Science,University of California,"Data Governance, SQL, Data Quality",Davis,1 - 4 Weeks,https://d3njjcbhbojbot.cloudfront.net/api/utilities/v1/imageproxy/https://s3.amazonaws.com/coursera-course-photos/7a/569080aab711e79d97bf25c196049d/1200px-square-dark.jpg?auto=format%2Ccompress%2C%20enhance&dpr=1&w=265&h=216&q=50&fit=crop,https://d3njjcbhbojbot.cloudfront.net/api/utilities/v1/imageproxy/https://coursera-university-assets.s3.amazonaws.com/66/4d1f6067b511e599c247e28e57110c/Logo-B-for-Coursera.png?auto=format%2Ccompress&dpr=3&w=24&h=24,https://www.coursera.org/learn/sql-for-data-science-de
SQL for Data Science with R,IBM,"Relational Databases, Database Design, SQL",4.3 stars,1 - 3 Months,https://d3njjcbhbojbot.cloudfront.net/api/utilities/v1/imageproxy/https://s3.amazonaws.com/coursera-course-photos/c3/2aa345f985435094494de70a3616ee/SQL-for-Data-Science-with-R.jpg?auto=format%2Ccompress%2C%20enhance&dpr=1&w=265&h=216&q=50&fit=crop,https://d3njjcbhbojbot.cloudfront.net/api/utilities/v1/imageproxy/http://coursera-university-assets.s3.amazonaws.com/bb/f5ced2bdd4437aa79f00eb1bf7fbf0/IBM-Logo-Blk---Square.png?auto=format%2Ccompress&dpr=3&w=24&h=24,https://www.coursera.org/learn/sql-data-science-r
Ask Questions to Make Data-Driven Decisions,Google,"Spreadsheet Software, Stakeholder Communications, Dashboard",4.7 stars,1 - 4 Weeks,https://d3njjcbhbojbot.cloudfront.net/api/utilities/v1/imageproxy/https://s3.amazonaws.com/coursera-course-photos/76/24a94e1c774597a15af82c4bd6841c/Ask-Questions-to-Make-Data-Driven-Decisions.png?auto=format%2Ccompress%2C%20enhance&dpr=1&w=320&h=180&q=50&fit=crop&crop=faces,https://d3njjcbhbojbot.cloudfront.net/api/utilities/v1/imageproxy/http://coursera-university-assets.s3.amazonaws.com/4a/cb36835ae3421187080898a7ecc11d/Google-G_360x360.png?auto=format%2Ccompress&dpr=3&w=24&h=24,https://www.coursera.org/learn/ask-questions-make-decisions
AI For Everyone,DeepLearning.AI,"Data Ethics, Market Opportunities, Artificial Intelligence and Machine Learning (AI/ML)",4.8 stars,1 - 4 Weeks,https://d3njjcbhbojbot.cloudfront.net/api/utilities/v1/imageproxy/https://s3.amazonaws.com/coursera-course-photos/41/763803169e4d31a5e7611bc928124b/Course-Logo.png?auto=format%2Ccompress&dpr=2&blur=200&px=8&max-w=265,https://d3njjcbhbojbot.cloudfront.net/api/utilities/v1/imageproxy/http://coursera-university-assets.s3.amazonaws.com/b4/5cb90bb92f420b99bf323a0356f451/Icon.png?auto=format%2Ccompress&dpr=3&w=24&h=24,https://www.coursera.org/learn/ai-for-everyone
Der Werkzeugkasten des Data Scientist,Johns Hopkins University,"Rmarkdown, Data Science, Version Control",provide skills Rmarkdown,1 - 4 Weeks,https://d3njjcbhbojbot.cloudfront.net/api/utilities/v1/imageproxy/https://s3.amazonaws.com/coursera-course-photos/37/6352a069b511e3ae92c39913bb30e0/DataScientistsToolbox.jpg?auto=format%2Ccompress&dpr=2&blur=200&px=8&max-w=265,https://d3njjcbhbojbot.cloudfront.net/api/utilities/v1/imageproxy/http://coursera-university-assets.s3.amazonaws.com/93/57fd6a96044c4bad3139afd3e87fd6/jhu-shield.png?auto=format%2Ccompress&dpr=3&w=24&h=24,https://www.coursera.org/learn/data-scientists-tools-de
A Crash Course in Data Science,Johns Hopkins University,"Data Science, Data Analysis, Business Analytics",4.5 stars,1 - 4 Weeks,https://d3njjcbhbojbot.cloudfront.net/api/utilities/v1/imageproxy/https://s3.amazonaws.com/coursera-course-photos/f0/399ec045ea11e5ba8e4bc295fed462/9990024683_955f8f043b_h.jpg?auto=format%2Ccompress&dpr=2&blur=200&px=8&max-w=265,https://d3njjcbhbojbot.cloudfront.net/api/utilities/v1/imageproxy/http://coursera-university-assets.s3.amazonaws.com/93/57fd6a96044c4bad3139afd3e87fd6/jhu-shield.png?auto=format%2Ccompress&dpr=3&w=24&h=24,https://www.coursera.org/learn/data-science-course
Data Science: Foundations using R,Johns Hopkins University,"Rmarkdown, Exploratory Data Analysis, Version Control",4.6 stars,3 - 6 Months,https://d3njjcbhbojbot.cloudfront.net/api/utilities/v1/imageproxy/https://d15cw65ipctsrr.cloudfront.net/b6/e4931fd75a409c9a6dfae9ad95f903/Data-Science-Fundementals-in-Research.png?auto=format%2Ccompress&dpr=2&blur=200&px=8&max-w=265,https://d3njjcbhbojbot.cloudfront.net/api/utilities/v1/imageproxy/http://coursera-university-assets.s3.amazonaws.com/93/57fd6a96044c4bad3139afd3e87fd6/jhu-shield.png?auto=format%2Ccompress&dpr=3&w=24&h=24,https://www.coursera.org/specializations/data-science-foundations-r
R Programming,Johns Hopkins University,"Statistical Analysis, R Programming, Statistical Programming",4.5 stars,1 - 4 Weeks,https://d3njjcbhbojbot.cloudfront.net/api/utilities/v1/imageproxy/https://s3.amazonaws.com/coursera-course-photos/5e/b4ef8069b511e3ae92c39913bb30e0/Rprogramming.jpg?auto=format%2Ccompress&dpr=2&blur=200&px=8&max-w=265,https://d3njjcbhbojbot.cloudfront.net/api/utilities/v1/imageproxy/http://coursera-university-assets.s3.amazonaws.com/93/57fd6a96044c4bad3139afd3e87fd6/jhu-shield.png?auto=format%2Ccompress&dpr=3&w=24&h=24,https://www.coursera.org/learn/r-programming
Python Project for Data Science,IBM,"Dashboard, Pandas (Python Package), Data Visualization Software",4.5 stars,1 - 4 Weeks,https://d3njjcbhbojbot.cloudfront.net/api/utilities/v1/imageproxy/https://s3.amazonaws.com/coursera-course-photos/0f/7e7a69e7d444ed965200ac45f0bd6e/Final-Data-Science.jpg?auto=format%2Ccompress&dpr=2&blur=200&px=8&max-w=265,https://d3njjcbhbojbot.cloudfront.net/api/utilities/v1/imageproxy/http://coursera-university-assets.s3.amazonaws.com/bb/f5ced2bdd4437aa79f00eb1bf7fbf0/IBM-Logo-Blk---Square.png?auto=format%2Ccompress&dpr=3&w=24&h=24,https://www.coursera.org/learn/python-project-for-data-science
Data Science Methodology,IBM,"Jupyter, Data Modeling, Data Science",4.6 stars,1 - 4 Weeks,https://d3njjcbhbojbot.cloudfront.net/api/utilities/v1/imageproxy/https://s3.amazonaws.com/coursera-course-photos/fd/47b69010c411e8a5bdf508210039a8/data_science_mthodology.png?auto=format%2Ccompress&dpr=2&blur=200&px=8&max-w=265,https://d3njjcbhbojbot.cloudfront.net/api/utilities/v1/imageproxy/http://coursera-university-assets.s3.amazonaws.com/bb/f5ced2bdd4437aa79f00eb1bf7fbf0/IBM-Logo-Blk---Square.png?auto=format%2Ccompress&dpr=3&w=24&h=24,https://www.coursera.org/learn/data-science-methodology
Data Science,Johns Hopkins University,"Shiny (R Package), Rmarkdown, Exploratory Data Analysis",4.5 stars,3 - 6 Months,https://d3njjcbhbojbot.cloudfront.net/api/utilities/v1/imageproxy/https://d15cw65ipctsrr.cloudfront.net/eb/8e18e0a4f111e59ae9c776a3dd0526/jhu-logo-thumb.png?auto=format%2Ccompress&dpr=2&blur=200&px=8&max-w=265,https://d3njjcbhbojbot.cloudfront.net/api/utilities/v1/imageproxy/http://coursera-university-assets.s3.amazonaws.com/93/57fd6a96044c4bad3139afd3e87fd6/jhu-shield.png?auto=format%2Ccompress&dpr=3&w=24&h=24,https://www.coursera.org/specializations/jhu-data-science
Applied Data Science with Python,University of Michigan,"Matplotlib, Network Analysis, Feature Engineering",4.5 stars,3 - 6 Months,https://d3njjcbhbojbot.cloudfront.net/api/utilities/v1/imageproxy/https://d15cw65ipctsrr.cloudfront.net/c8/8d6df01eb311e6b5f5f786b289d8ba/pythondatascience_specialization_final.png?auto=format%2Ccompress&dpr=2&blur=200&px=8&max-w=265,https://d3njjcbhbojbot.cloudfront.net/api/utilities/v1/imageproxy/https://coursera-university-assets.s3.amazonaws.com/70/de505d47be7d3a063b51b6f856a6e2/New-Block-M-Stacked-Blue-295C_600x600.png?auto=format%2Ccompress&dpr=3&w=24&h=24,https://www.coursera.org/specializations/data-science-python
Google Data Analytics Capstone: Complete a Case Study,Google,"Interviewing Skills, Data Analysis, Data Processing",4.8 stars,1 - 4 Weeks,https://d3njjcbhbojbot.cloudfront.net/api/utilities/v1/imageproxy/https://s3.amazonaws.com/coursera-course-photos/31/ee274ece674b7ca542def6909e63de/Google-Data-Analytics-Capstone-Complete-a-Case-Study.png?auto=format%2Ccompress&dpr=2&blur=200&px=8&max-w=320,https://d3njjcbhbojbot.cloudfront.net/api/utilities/v1/imageproxy/http://coursera-university-assets.s3.amazonaws.com/4a/cb36835ae3421187080898a7ecc11d/Google-G_360x360.png?auto=format%2Ccompress&dpr=3&w=24&h=24,https://www.coursera.org/learn/google-data-analytics-capstone
Applied Data Science Capstone,IBM,"Plotly, Statistical Reporting, Exploratory Data Analysis",4.7 stars,1 - 3 Months,https://d3njjcbhbojbot.cloudfront.net/api/utilities/v1/imageproxy/https://s3.amazonaws.com/coursera-course-photos/f1/b398d04fee11e8a43c11984f8aae45/ADS-Capstone-400x400.png?auto=format%2Ccompress&dpr=2&blur=200&px=8&max-w=265,https://d3njjcbhbojbot.cloudfront.net/api/utilities/v1/imageproxy/http://coursera-university-assets.s3.amazonaws.com/bb/f5ced2bdd4437aa79f00eb1bf7fbf0/IBM-Logo-Blk---Square.png?auto=format%2Ccompress&dpr=3&w=24&h=24,https://www.coursera.org/learn/applied-data-science-capstone
"Foundations: Data, Data, Everywhere",Foundations: Data,"Data Ethics, Data Analysis, Analytics",Data,1 - 4 Weeks,https://d3njjcbhbojbot.cloudfront.net/api/utilities/v1/imageproxy/https://s3.amazonaws.com/coursera-course-photos/f0/0de6bb70944a20bdfe0b8b4301b91e/Foundations-Data-Data-Everywhere.png?auto=format%2Ccompress&dpr=2&blur=200&px=8&max-w=320,https://d3njjcbhbojbot.cloudfront.net/api/utilities/v1/imageproxy/http://coursera-university-assets.s3.amazonaws.com/4a/cb36835ae3421187080898a7ecc11d/Google-G_360x360.png?auto=format%2Ccompress&dpr=3&w=24&h=24,https://www.coursera.org/learn/foundations-data
Python for Everybody,University of Michigan,"Web Scraping, Data Processing, Relational Databases",4.8 stars,3 - 6 Months,https://d3njjcbhbojbot.cloudfront.net/api/utilities/v1/imageproxy/https://d2j5ihb19pt1hq.cloudfront.net/sdp_page/s12n_logos/python.jpg?auto=format%2Ccompress%2C%20enhance&dpr=1&w=265&h=216&q=50&fit=crop,https://d3njjcbhbojbot.cloudfront.net/api/utilities/v1/imageproxy/https://coursera-university-assets.s3.amazonaws.com/70/de505d47be7d3a063b51b6f856a6e2/New-Block-M-Stacked-Blue-295C_600x600.png?auto=format%2Ccompress&dpr=3&w=24&h=24,https://www.coursera.org/specializations/python
Data Science in Real Life,Johns Hopkins University,"Data Quality, Data Presentation, Data Management",4.5 stars,1 - 4 Weeks,https://d3njjcbhbojbot.cloudfront.net/api/utilities/v1/imageproxy/https://s3.amazonaws.com/coursera-course-photos/41/0fb38045ea11e5b5d7390b00cb652a/15758315578_760fc6a65a_k.jpg?auto=format%2Ccompress%2C%20enhance&dpr=1&w=265&h=216&q=50&fit=crop,https://d3njjcbhbojbot.cloudfront.net/api/utilities/v1/imageproxy/http://coursera-university-assets.s3.amazonaws.com/93/57fd6a96044c4bad3139afd3e87fd6/jhu-shield.png?auto=format%2Ccompress&dpr=3&w=24&h=24,https://www.coursera.org/learn/real-life-data-science
Process Data from Dirty to Clean,Google,"Data Cleansing, Sampling (Statistics), Data Integrity",4.8 stars,1 - 3 Months,https://d3njjcbhbojbot.cloudfront.net/api/utilities/v1/imageproxy/https://s3.amazonaws.com/coursera-course-photos/33/241536097a4d84af9893478371eaa0/Process-Data-from-Dirty-to-Clean.png?auto=format%2Ccompress%2C%20enhance&dpr=1&w=320&h=180&q=50&fit=crop&crop=faces,https://d3njjcbhbojbot.cloudfront.net/api/utilities/v1/imageproxy/http://coursera-university-assets.s3.amazonaws.com/4a/cb36835ae3421187080898a7ecc11d/Google-G_360x360.png?auto=format%2Ccompress&dpr=3&w=24&h=24,https://www.coursera.org/learn/process-data
Data Science Math Skills,Duke University,"Probability, Bayesian Statistics, Probability & Statistics",4.5 stars,1 - 3 Months,https://d3njjcbhbojbot.cloudfront.net/api/utilities/v1/imageproxy/https://s3.amazonaws.com/coursera-course-photos/08/8c6610c07e11e6a7f5e70b413367a6/DMSIcon.jpg?auto=format%2Ccompress%2C%20enhance&dpr=1&w=265&h=216&q=50&fit=crop,https://d3njjcbhbojbot.cloudfront.net/api/utilities/v1/imageproxy/https://coursera-university-assets.s3.amazonaws.com/6d/3cb3e06c357d40ef60000fb3d12d72/dukesquare_blue.png?auto=format%2Ccompress&dpr=3&w=24&h=24,https://www.coursera.org/learn/datasciencemathskills
What is Data Science?,IBM,"Data Mining, Big Data, Cloud Computing",4.7 stars,1 - 4 Weeks,https://d3njjcbhbojbot.cloudfront.net/api/utilities/v1/imageproxy/https://s3.amazonaws.com/coursera-course-photos/16/d602b00a6c11e88d594f951694ab88/Data-Science-Orientation.png?auto=format%2Ccompress%2C%20enhance&dpr=1&w=265&h=216&q=50&fit=crop,https://d3njjcbhbojbot.cloudfront.net/api/utilities/v1/imageproxy/http://coursera-university-assets.s3.amazonaws.com/bb/f5ced2bdd4437aa79f00eb1bf7fbf0/IBM-Logo-Blk---Square.png?auto=format%2Ccompress&dpr=3&w=24&h=24,https://www.coursera.org/learn/what-is-datascience
Data Analysis with R,Duke University,"Statistical Hypothesis Testing, Sampling (Statistics), Statistical Inference",4.7 stars,3 - 6 Months,https://d3njjcbhbojbot.cloudfront.net/api/utilities/v1/imageproxy/https://d15cw65ipctsrr.cloudfront.net/01/eb2cd0fb6011e58f3fed869dcf948d/unspecified.jpg?auto=format%2Ccompress%2C%20enhance&dpr=1&w=265&h=216&q=50&fit=crop,https://d3njjcbhbojbot.cloudfront.net/api/utilities/v1/imageproxy/https://coursera-university-assets.s3.amazonaws.com/6d/3cb3e06c357d40ef60000fb3d12d72/dukesquare_blue.png?auto=format%2Ccompress&dpr=3&w=24&h=24,https://www.coursera.org/specializations/statistics
Analyze Data to Answer Questions,Google,"Data Validation, Spreadsheet Software, Data Analysis",4.6 stars,1 - 4 Weeks,https://d3njjcbhbojbot.cloudfront.net/api/utilities/v1/imageproxy/https://s3.amazonaws.com/coursera-course-photos/94/fc7cea2c9f47aab0b8161a0775e972/Analyze-Data-to-Answer-Questions.png?auto=format%2Ccompress%2C%20enhance&dpr=1&w=320&h=180&q=50&fit=crop&crop=faces,https://d3njjcbhbojbot.cloudfront.net/api/utilities/v1/imageproxy/http://coursera-university-assets.s3.amazonaws.com/4a/cb36835ae3421187080898a7ecc11d/Google-G_360x360.png?auto=format%2Ccompress&dpr=3&w=24&h=24,https://www.coursera.org/learn/analyze-data
Prepare Data for Exploration,Google,"Data Ethics, Data Analysis, Data Security",4.8 stars,1 - 3 Months,https://d3njjcbhbojbot.cloudfront.net/api/utilities/v1/imageproxy/https://s3.amazonaws.com/coursera-course-photos/0f/9fc1976f6a426dad16806dd5ce2c59/Prepare-Data-for-Exploration.png?auto=format%2Ccompress%2C%20enhance&dpr=1&w=320&h=180&q=50&fit=crop&crop=faces,https://d3njjcbhbojbot.cloudfront.net/api/utilities/v1/imageproxy/http://coursera-university-assets.s3.amazonaws.com/4a/cb36835ae3421187080898a7ecc11d/Google-G_360x360.png?auto=format%2Ccompress&dpr=3&w=24&h=24,https://www.coursera.org/learn/data-preparation
Big Data,University of California San Diego,"Apache Spark, PySpark, Apache Hadoop",4.5 stars,3 - 6 Months,https://d3njjcbhbojbot.cloudfront.net/api/utilities/v1/imageproxy/https://d15cw65ipctsrr.cloudfront.net/a6/35516029cf11e6b8dfdbd5deea5f21/UCSD_BigData_PartnerProvided.jpg?auto=format%2Ccompress%2C%20enhance&dpr=1&w=265&h=216&q=50&fit=crop,https://d3njjcbhbojbot.cloudfront.net/api/utilities/v1/imageproxy/https://coursera-university-assets.s3.amazonaws.com/4b/a551cb6e1307836a21059a79e7ae70/UCSanDiego-Coursera-square.png?auto=format%2Ccompress&dpr=3&w=24&h=24,https://www.coursera.org/specializations/big-data
IBM Data Engineering,IBM,"NoSQL, Data Warehousing, SQL",4.6 stars,3 - 6 Months,https://d3njjcbhbojbot.cloudfront.net/api/utilities/v1/imageproxy/https://d15cw65ipctsrr.cloudfront.net/1b/67a18a33de439c974816ebfd42e7b2/unnamed.png?auto=format%2Ccompress&dpr=2&blur=200&px=8&max-w=265,https://d3njjcbhbojbot.cloudfront.net/api/utilities/v1/imageproxy/http://coursera-university-assets.s3.amazonaws.com/bb/f5ced2bdd4437aa79f00eb1bf7fbf0/IBM-Logo-Blk---Square.png?auto=format%2Ccompress&dpr=3&w=24&h=24,https://www.coursera.org/professional-certificates/ibm-data-engineer
SQL for Data Science,University of California,"Data Governance, SQL, Data Quality",Davis,1 - 4 Weeks,https://d3njjcbhbojbot.cloudfront.net/api/utilities/v1/imageproxy/https://s3.amazonaws.com/coursera-course-photos/7a/569080aab711e79d97bf25c196049d/1200px-square-dark.jpg?auto=format%2Ccompress&dpr=2&blur=200&px=8&max-w=265,https://d3njjcbhbojbot.cloudfront.net/api/utilities/v1/imageproxy/https://coursera-university-assets.s3.amazonaws.com/66/4d1f6067b511e599c247e28e57110c/Logo-B-for-Coursera.png?auto=format%2Ccompress&dpr=3&w=24&h=24,https://www.coursera.org/learn/sql-for-data-science
"Data Engineering, Big Data, and Machine Learning on GCP",Data Engineering,"Data Pipelines, Google Cloud Platform, Real Time Data",Big Data,3 - 6 Months,https://d3njjcbhbojbot.cloudfront.net/api/utilities/v1/imageproxy/https://d15cw65ipctsrr.cloudfront.net/95/77558056d811e79f95119f98b3ba96/visite-google-datacenter-14.jpg?auto=format%2Ccompress&dpr=2&blur=200&px=8&max-w=265,https://d3njjcbhbojbot.cloudfront.net/api/utilities/v1/imageproxy/http://coursera-university-assets.s3.amazonaws.com/74/fa9028074941789429dfc1d1b71ddf/gc-logo-360x360.png?auto=format%2Ccompress&dpr=3&w=24&h=24,https://www.coursera.org/specializations/gcp-data-machine-learning
Introduction to Data Science,IBM,"SQL, Jupyter, Data Mining",4.6 stars,3 - 6 Months,https://d3njjcbhbojbot.cloudfront.net/api/utilities/v1/imageproxy/https://d15cw65ipctsrr.cloudfront.net/32/d719a2d0d946d59e1151bc10ec29f5/Specialization-Certificate-Emblem---IDS---600x600.png?auto=format%2Ccompress%2C%20enhance&dpr=1&w=265&h=216&q=50&fit=crop,https://d3njjcbhbojbot.cloudfront.net/api/utilities/v1/imageproxy/http://coursera-university-assets.s3.amazonaws.com/bb/f5ced2bdd4437aa79f00eb1bf7fbf0/IBM-Logo-Blk---Square.png?auto=format%2Ccompress&dpr=3&w=24&h=24,https://www.coursera.org/specializations/introduction-data-science
Executive Data Science,Johns Hopkins University,"Data Quality, Exploratory Data Analysis, Data Presentation",4.5 stars,1 - 3 Months,https://d3njjcbhbojbot.cloudfront.net/api/utilities/v1/imageproxy/https://d396qusza40orc.cloudfront.net/phoenixassets/eds-s12n/eds_thumbnail.jpg?auto=format%2Ccompress%2C%20enhance&dpr=1&w=265&h=216&q=50&fit=crop,https://d3njjcbhbojbot.cloudfront.net/api/utilities/v1/imageproxy/http://coursera-university-assets.s3.amazonaws.com/93/57fd6a96044c4bad3139afd3e87fd6/jhu-shield.png?auto=format%2Ccompress&dpr=3&w=24&h=24,https://www.coursera.org/specializations/executive-data-science
Expressway to Data Science: Python Programming,University of Colorado Boulder,"Matplotlib, Seaborn, Plot (Graphics)",4.7 stars,1 - 3 Months,https://d3njjcbhbojbot.cloudfront.net/api/utilities/v1/imageproxy/https://d15cw65ipctsrr.cloudfront.net/e6/18b1e0df02473cb269cc9c68160068/python_programming_specialization_logo.png?auto=format%2Ccompress%2C%20enhance&dpr=1&w=265&h=216&q=50&fit=crop,https://d3njjcbhbojbot.cloudfront.net/api/utilities/v1/imageproxy/http://coursera-university-assets.s3.amazonaws.com/a6/7035b7e00b401383be4e5856b8bdaa/Boulder-FL-VERT-B---cropped.png?auto=format%2Ccompress&dpr=3&w=24&h=24,https://www.coursera.org/specializations/python-programming-data-science
IBM Data Management,IBM,"Dashboard, Data Storytelling, Data Warehousing",SkillUp EdTech,3 - 6 Months,https://d3njjcbhbojbot.cloudfront.net/api/utilities/v1/imageproxy/https://d15cw65ipctsrr.cloudfront.net/f2/8be4440e81461196e43313582cffec/600x600px_1014601899.jpg?auto=format%2Ccompress%2C%20enhance&dpr=1&w=265&h=216&q=50&fit=crop,https://d3njjcbhbojbot.cloudfront.net/api/utilities/v1/imageproxy/http://coursera-university-assets.s3.amazonaws.com/bb/f5ced2bdd4437aa79f00eb1bf7fbf0/IBM-Logo-Blk---Square.png?auto=format%2Ccompress&dpr=3&w=24&h=24,https://www.coursera.org/professional-certificates/ibm-data-manager
Databases for Data Scientists,University of Colorado Boulder,"Database Design, SQL, Database Management Systems",4.7 stars,3 - 6 Months,https://d3njjcbhbojbot.cloudfront.net/api/utilities/v1/imageproxy/https://d15cw65ipctsrr.cloudfront.net/18/062e97ab494d10b7aea4c7751c2422/databases_spec_logo.png?auto=format%2Ccompress%2C%20enhance&dpr=1&w=265&h=216&q=50&fit=crop,https://d3njjcbhbojbot.cloudfront.net/api/utilities/v1/imageproxy/http://coursera-university-assets.s3.amazonaws.com/a6/7035b7e00b401383be4e5856b8bdaa/Boulder-FL-VERT-B---cropped.png?auto=format%2Ccompress&dpr=3&w=24&h=24,https://www.coursera.org/specializations/databases-for-data-scientists
Excel Skills for Business,Macquarie University,"Microsoft Excel, Dashboard, Excel Formulas",4.9 stars,3 - 6 Months,https://d3njjcbhbojbot.cloudfront.net/api/utilities/v1/imageproxy/https://d15cw65ipctsrr.cloudfront.net/a5/5fe03ce0bd4774b8025536110a845e/04.jpg?auto=format%2Ccompress%2C%20enhance&dpr=1&w=265&h=216&q=50&fit=crop,https://d3njjcbhbojbot.cloudfront.net/api/utilities/v1/imageproxy/http://coursera-university-assets.s3.amazonaws.com/6a/7d04bc16dd4f3a807dfcd8e30f338a/MQ_INT_VER_RGB_POS-1-.png?auto=format%2Ccompress&dpr=3&w=24&h=24,https://www.coursera.org/specializations/excel
Probability & Statistics for Machine Learning & Data Science,DeepLearning.AI,"Descriptive Statistics, Bayesian Statistics, Statistical Hypothesis Testing",4.6 stars,1 - 4 Weeks,https://d3njjcbhbojbot.cloudfront.net/api/utilities/v1/imageproxy/https://s3.amazonaws.com/coursera-course-photos/46/8e9dd9c487408b8729acb7ec3719c7/Prob-DL_Square_Banner_Coursera_800x800.png?auto=format%2Ccompress%2C%20enhance&dpr=1&w=265&h=216&q=50&fit=crop,https://d3njjcbhbojbot.cloudfront.net/api/utilities/v1/imageproxy/http://coursera-university-assets.s3.amazonaws.com/b4/5cb90bb92f420b99bf323a0356f451/Icon.png?auto=format%2Ccompress&dpr=3&w=24&h=24,https://www.coursera.org/learn/machine-learning-probability-and-statistics
Data Visualization with Tableau,University of California,"Data Storytelling, Data Presentation, Data Visualization Software",Davis,3 - 6 Months,https://d3njjcbhbojbot.cloudfront.net/api/utilities/v1/imageproxy/https://d15cw65ipctsrr.cloudfront.net/41/d326f0af5b11e5ada4195d312ad6aa/davis_data_thumb.jpg?auto=format%2Ccompress%2C%20enhance&dpr=1&w=265&h=216&q=50&fit=crop,https://d3njjcbhbojbot.cloudfront.net/api/utilities/v1/imageproxy/https://coursera-university-assets.s3.amazonaws.com/66/4d1f6067b511e599c247e28e57110c/Logo-B-for-Coursera.png?auto=format%2Ccompress&dpr=3&w=24&h=24,https://www.coursera.org/specializations/data-visualization
Data Science: Statistics and Machine Learning,Johns Hopkins University,"Shiny (R Package), Rmarkdown, Regression Analysis",4.4 stars,3 - 6 Months,https://d3njjcbhbojbot.cloudfront.net/api/utilities/v1/imageproxy/https://d15cw65ipctsrr.cloudfront.net/df/0e03b6513a44e98f4a389e0ef61a42/Data-Science-Statistics-and-Machine-Learning.png?auto=format%2Ccompress%2C%20enhance&dpr=1&w=265&h=216&q=50&fit=crop,https://d3njjcbhbojbot.cloudfront.net/api/utilities/v1/imageproxy/http://coursera-university-assets.s3.amazonaws.com/93/57fd6a96044c4bad3139afd3e87fd6/jhu-shield.png?auto=format%2Ccompress&dpr=3&w=24&h=24,https://www.coursera.org/specializations/data-science-statistics-machine-learning
The Data Scientist’s Toolbox,Johns Hopkins University,"Rmarkdown, Version Control, Data Science",4.6 stars,1 - 4 Weeks,https://d3njjcbhbojbot.cloudfront.net/api/utilities/v1/imageproxy/https://s3.amazonaws.com/coursera-course-photos/37/6352a069b511e3ae92c39913bb30e0/DataScientistsToolbox.jpg?auto=format%2Ccompress%2C%20enhance&dpr=1&w=265&h=216&q=50&fit=crop,https://d3njjcbhbojbot.cloudfront.net/api/utilities/v1/imageproxy/http://coursera-university-assets.s3.amazonaws.com/93/57fd6a96044c4bad3139afd3e87fd6/jhu-shield.png?auto=format%2Ccompress&dpr=3&w=24&h=24,https://www.coursera.org/learn/data-scientists-tools
Share Data Through the Art of Visualization,Google,"Data Storytelling, Data Visualization, Data Presentation",4.6 stars,1 - 4 Weeks,https://d3njjcbhbojbot.cloudfront.net/api/utilities/v1/imageproxy/https://s3.amazonaws.com/coursera-course-photos/60/043ef8b0034ded8a103de9e3856147/Share-Data-Through-the-Art-of-Visualization.png?auto=format%2Ccompress%2C%20enhance&dpr=1&w=320&h=180&q=50&fit=crop&crop=faces,https://d3njjcbhbojbot.cloudfront.net/api/utilities/v1/imageproxy/http://coursera-university-assets.s3.amazonaws.com/4a/cb36835ae3421187080898a7ecc11d/Google-G_360x360.png?auto=format%2Ccompress&dpr=3&w=24&h=24,https://www.coursera.org/learn/visualize-data
Data Science Capstone,Johns Hopkins University,"Exploratory Data Analysis, Predictive Modeling, Data Science",4.5 stars,1 - 3 Months,https://d3njjcbhbojbot.cloudfront.net/api/utilities/v1/imageproxy/https://s3.amazonaws.com/coursera-course-photos/3f/08f9900d1311e48743bfe1d327ce7a/CourseTrackLogo.jpg?auto=format%2Ccompress%2C%20enhance&dpr=1&w=265&h=216&q=50&fit=crop,https://d3njjcbhbojbot.cloudfront.net/api/utilities/v1/imageproxy/http://coursera-university-assets.s3.amazonaws.com/93/57fd6a96044c4bad3139afd3e87fd6/jhu-shield.png?auto=format%2Ccompress&dpr=3&w=24&h=24,https://www.coursera.org/learn/data-science-project
Vital Skills for Data Science,University of Colorado Boulder,"Data Ethics, Data Visualization Software, Interactive Data Visualization",4.4 stars,3 - 6 Months,https://d3njjcbhbojbot.cloudfront.net/api/utilities/v1/imageproxy/https://d15cw65ipctsrr.cloudfront.net/29/598d3694794cc095ed63a759c76dda/jj-ying-7JX0-bfiuxQ-unsplash.jpg?auto=format%2Ccompress%2C%20enhance&dpr=1&w=265&h=216&q=50&fit=crop,https://d3njjcbhbojbot.cloudfront.net/api/utilities/v1/imageproxy/http://coursera-university-assets.s3.amazonaws.com/a6/7035b7e00b401383be4e5856b8bdaa/Boulder-FL-VERT-B---cropped.png?auto=format%2Ccompress&dpr=3&w=24&h=24,https://www.coursera.org/specializations/vital-skills-for-data-science
Data Science with R - Capstone Project,IBM,"Shiny (R Package), Data Presentation, Exploratory Data Analysis",4.6 stars,1 - 3 Months,https://d3njjcbhbojbot.cloudfront.net/api/utilities/v1/imageproxy/https://s3.amazonaws.com/coursera-course-photos/28/b1f43838b245e5ba83eb345a5db2c5/Capstone.jpg?auto=format%2Ccompress%2C%20enhance&dpr=1&w=265&h=216&q=50&fit=crop,https://d3njjcbhbojbot.cloudfront.net/api/utilities/v1/imageproxy/http://coursera-university-assets.s3.amazonaws.com/bb/f5ced2bdd4437aa79f00eb1bf7fbf0/IBM-Logo-Blk---Square.png?auto=format%2Ccompress&dpr=3&w=24&h=24,https://www.coursera.org/learn/data-science-with-r-capstone-project
Neural Networks and Deep Learning,DeepLearning.AI,"Deep Learning, Artificial Neural Networks, Tensorflow",4.9 stars,1 - 4 Weeks,https://d3njjcbhbojbot.cloudfront.net/api/utilities/v1/imageproxy/https://s3.amazonaws.com/coursera-course-photos/c1/16a2fa16b943038f07cd0e4064a25e/Course-logo-1.png?auto=format%2Ccompress%2C%20enhance&dpr=1&w=265&h=216&q=50&fit=crop,https://d3njjcbhbojbot.cloudfront.net/api/utilities/v1/imageproxy/http://coursera-university-assets.s3.amazonaws.com/b4/5cb90bb92f420b99bf323a0356f451/Icon.png?auto=format%2Ccompress&dpr=3&w=24&h=24,https://www.coursera.org/learn/neural-networks-deep-learning
Using Python to Access Web Data,University of Michigan,"Web Scraping, JSON, Network Protocols",4.8 stars,1 - 3 Months,https://d3njjcbhbojbot.cloudfront.net/api/utilities/v1/imageproxy/https://s3.amazonaws.com/coursera-course-photos/53/01bee0502a11e58ddc8ff4d6e0523a/pythonnetworkdata_thumbnail_1x1.png?auto=format%2Ccompress%2C%20enhance&dpr=1&w=265&h=216&q=50&fit=crop,https://d3njjcbhbojbot.cloudfront.net/api/utilities/v1/imageproxy/https://coursera-university-assets.s3.amazonaws.com/70/de505d47be7d3a063b51b6f856a6e2/New-Block-M-Stacked-Blue-295C_600x600.png?auto=format%2Ccompress&dpr=3&w=24&h=24,https://www.coursera.org/learn/python-network-data
Generative AI for Data Scientists,IBM,"ChatGPT, Generative AI, Exploratory Data Analysis",4.7 stars,1 - 3 Months,https://d3njjcbhbojbot.cloudfront.net/api/utilities/v1/imageproxy/https://d15cw65ipctsrr.cloudfront.net/28/cf80dcb6a84b08bde086959a8ed13e/Image-Data-Science-Specialization.jpg?auto=format%2Ccompress%2C%20enhance&dpr=1&w=265&h=216&q=50&fit=crop,https://d3njjcbhbojbot.cloudfront.net/api/utilities/v1/imageproxy/http://coursera-university-assets.s3.amazonaws.com/bb/f5ced2bdd4437aa79f00eb1bf7fbf0/IBM-Logo-Blk---Square.png?auto=format%2Ccompress&dpr=3&w=24&h=24,https://www.coursera.org/specializations/generative-ai-for-data-scientists
Introduction to Data Science in Python,University of Michigan,"Pandas (Python Package), Jupyter, NumPy",4.5 stars,1 - 4 Weeks,https://d3njjcbhbojbot.cloudfront.net/api/utilities/v1/imageproxy/https://s3.amazonaws.com/coursera-course-photos/69/31e4501e1611e6a4391b9ced487d65/python_datascience_thumbnail_introduction_1x1.png?auto=format%2Ccompress%2C%20enhance&dpr=1&w=265&h=216&q=50&fit=crop,https://d3njjcbhbojbot.cloudfront.net/api/utilities/v1/imageproxy/https://coursera-university-assets.s3.amazonaws.com/70/de505d47be7d3a063b51b6f856a6e2/New-Block-M-Stacked-Blue-295C_600x600.png?auto=format%2Ccompress&dpr=3&w=24&h=24,https://www.coursera.org/learn/python-data-analysis
Generative AI: Elevate Your Data Science Career,IBM,"Generative AI, Exploratory Data Analysis, Data Ethics",4.6 stars,1 - 4 Weeks,https://d3njjcbhbojbot.cloudfront.net/api/utilities/v1/imageproxy/https://s3.amazonaws.com/coursera-course-photos/91/6067aeac8d46c4934084979dd1857c/200672_Course-Image.jpg?auto=format%2Ccompress&dpr=2&blur=200&px=8&max-w=265,https://d3njjcbhbojbot.cloudfront.net/api/utilities/v1/imageproxy/http://coursera-university-assets.s3.amazonaws.com/bb/f5ced2bdd4437aa79f00eb1bf7fbf0/IBM-Logo-Blk---Square.png?auto=format%2Ccompress&dpr=3&w=24&h=24,https://www.coursera.org/learn/generative-ai-elevate-your-data-science-career
Statistics for Data Science with Python,IBM,"Descriptive Statistics, Statistical Analysis, Data Analysis",4.5 stars,1 - 3 Months,https://d3njjcbhbojbot.cloudfront.net/api/utilities/v1/imageproxy/https://s3.amazonaws.com/coursera-course-photos/67/143d431b2a4c0282862d167fe84534/stats_im.png?auto=format%2Ccompress&dpr=2&blur=200&px=8&max-w=265,https://d3njjcbhbojbot.cloudfront.net/api/utilities/v1/imageproxy/http://coursera-university-assets.s3.amazonaws.com/bb/f5ced2bdd4437aa79f00eb1bf7fbf0/IBM-Logo-Blk---Square.png?auto=format%2Ccompress&dpr=3&w=24&h=24,https://www.coursera.org/learn/statistics-for-data-science-python
Data Analysis and Visualization Foundations,IBM,"Data Storytelling, Data Presentation, Interactive Data Visualization",4.7 stars,3 - 6 Months,https://d3njjcbhbojbot.cloudfront.net/api/utilities/v1/imageproxy/https://d15cw65ipctsrr.cloudfront.net/6d/6fb8cc58064b8d85eae4cc5ed61448/Data-Analysis-Foundations-1200X1200.jpg?auto=format%2Ccompress&dpr=2&blur=200&px=8&max-w=265,https://d3njjcbhbojbot.cloudfront.net/api/utilities/v1/imageproxy/http://coursera-university-assets.s3.amazonaws.com/bb/f5ced2bdd4437aa79f00eb1bf7fbf0/IBM-Logo-Blk---Square.png?auto=format%2Ccompress&dpr=3&w=24&h=24,https://www.coursera.org/specializations/data-analysis-visualization-foundations
Tools for Data Science,IBM,"Jupyter, Data Visualization Software, Data Science",4.5 stars,1 - 3 Months,https://d3njjcbhbojbot.cloudfront.net/api/utilities/v1/imageproxy/https://s3.amazonaws.com/coursera-course-photos/f4/acffe00bd811e8bfabed507b508fa4/ds0105en-square.png?auto=format%2Ccompress&dpr=2&blur=200&px=8&max-w=265,https://d3njjcbhbojbot.cloudfront.net/api/utilities/v1/imageproxy/http://coursera-university-assets.s3.amazonaws.com/bb/f5ced2bdd4437aa79f00eb1bf7fbf0/IBM-Logo-Blk---Square.png?auto=format%2Ccompress&dpr=3&w=24&h=24,https://www.coursera.org/learn/open-source-tools-for-data-science
IBM Data Analytics with Excel and R,IBM,"Data Storytelling, Data Presentation, Interactive Data Visualization",4.7 stars,3 - 6 Months,https://d3njjcbhbojbot.cloudfront.net/api/utilities/v1/imageproxy/https://d15cw65ipctsrr.cloudfront.net/a0/6bda7e8f7245b3ada2915a88e5ad65/DataAnalyticswith-ExcelandR-PC.jpg?auto=format%2Ccompress&dpr=2&blur=200&px=8&max-w=265,https://d3njjcbhbojbot.cloudfront.net/api/utilities/v1/imageproxy/http://coursera-university-assets.s3.amazonaws.com/bb/f5ced2bdd4437aa79f00eb1bf7fbf0/IBM-Logo-Blk---Square.png?auto=format%2Ccompress&dpr=3&w=24&h=24,https://www.coursera.org/professional-certificates/ibm-data-analyst-r-excel
Learn SQL Basics for Data Science,University of California,"Data Governance, Presentations, Feature Engineering",Davis,3 - 6 Months,https://d3njjcbhbojbot.cloudfront.net/api/utilities/v1/imageproxy/https://d15cw65ipctsrr.cloudfront.net/1f/09b6d03b7a11e98afdfdc3ec76e998/Specialization_Nav_Build_IMAGE2_600x600.png?auto=format%2Ccompress&dpr=2&blur=200&px=8&max-w=265,https://d3njjcbhbojbot.cloudfront.net/api/utilities/v1/imageproxy/https://coursera-university-assets.s3.amazonaws.com/66/4d1f6067b511e599c247e28e57110c/Logo-B-for-Coursera.png?auto=format%2Ccompress&dpr=3&w=24&h=24,https://www.coursera.org/specializations/learn-sql-basics-data-science
Key Technologies for Business,IBM,"Cloud Computing Architecture, Cloud Services, Cloud Security",4.7 stars,3 - 6 Months,https://d3njjcbhbojbot.cloudfront.net/api/utilities/v1/imageproxy/https://d15cw65ipctsrr.cloudfront.net/93/1543b8c7d64dad864ca79e876a065d/Key-Technology-Foundations-1-.png?auto=format%2Ccompress%2C%20enhance&dpr=1&w=265&h=216&q=50&fit=crop,https://d3njjcbhbojbot.cloudfront.net/api/utilities/v1/imageproxy/http://coursera-university-assets.s3.amazonaws.com/bb/f5ced2bdd4437aa79f00eb1bf7fbf0/IBM-Logo-Blk---Square.png?auto=format%2Ccompress&dpr=3&w=24&h=24,https://www.coursera.org/specializations/key-technologies-for-business
Applied Data Science with R,IBM,"Data Storytelling, Interactive Data Visualization, Data Visualization Software",4.5 stars,3 - 6 Months,https://d3njjcbhbojbot.cloudfront.net/api/utilities/v1/imageproxy/https://d15cw65ipctsrr.cloudfront.net/a4/931c0cbff843738141776101c5120a/DataSciencewithR-Specialization.jpg?auto=format%2Ccompress%2C%20enhance&dpr=1&w=265&h=216&q=50&fit=crop,https://d3njjcbhbojbot.cloudfront.net/api/utilities/v1/imageproxy/http://coursera-university-assets.s3.amazonaws.com/bb/f5ced2bdd4437aa79f00eb1bf7fbf0/IBM-Logo-Blk---Square.png?auto=format%2Ccompress&dpr=3&w=24&h=24,https://www.coursera.org/specializations/applied-data-science-r
Data Literacy,Johns Hopkins University,"Survey Creation, Data Analysis, Peer Review",4.6 stars,3 - 6 Months,https://d3njjcbhbojbot.cloudfront.net/api/utilities/v1/imageproxy/http://coursera-university-assets.s3.amazonaws.com/93/57fd6a96044c4bad3139afd3e87fd6/jhu-shield.png?auto=format%2Ccompress%2C%20enhance&dpr=1&w=265&h=216&q=50&fit=crop,https://d3njjcbhbojbot.cloudfront.net/api/utilities/v1/imageproxy/http://coursera-university-assets.s3.amazonaws.com/93/57fd6a96044c4bad3139afd3e87fd6/jhu-shield.png?auto=format%2Ccompress%2C%20enhance&dpr=1&w=265&h=216&q=50&fit=crop,https://www.coursera.org/specializations/data-literacy
Basic Data Processing and Visualization,University of California San Diego,"Data Processing, Data Manipulation, Interactive Data Visualization",4.3 stars,1 - 3 Months,https://d3njjcbhbojbot.cloudfront.net/api/utilities/v1/imageproxy/https://s3.amazonaws.com/coursera-course-photos/d0/029290028b11e983dbd9d433189a5c/pexels-photo-1516704.jpg?auto=format%2Ccompress%2C%20enhance&dpr=1&w=265&h=216&q=50&fit=crop,https://d3njjcbhbojbot.cloudfront.net/api/utilities/v1/imageproxy/https://coursera-university-assets.s3.amazonaws.com/4b/a551cb6e1307836a21059a79e7ae70/UCSanDiego-Coursera-square.png?auto=format%2Ccompress&dpr=3&w=24&h=24,https://www.coursera.org/learn/basic-data-processing-visualization-python
Applied Python Data Engineering,Duke University,"Data Visualization Software, PySpark, Data Visualization",3.8 stars,1 - 3 Months,https://d3njjcbhbojbot.cloudfront.net/api/utilities/v1/imageproxy/https://d15cw65ipctsrr.cloudfront.net/f1/ed46583c7a4ca2a1cdd05f514c3001/8.png?auto=format%2Ccompress%2C%20enhance&dpr=1&w=265&h=216&q=50&fit=crop,https://d3njjcbhbojbot.cloudfront.net/api/utilities/v1/imageproxy/https://coursera-university-assets.s3.amazonaws.com/6d/3cb3e06c357d40ef60000fb3d12d72/dukesquare_blue.png?auto=format%2Ccompress&dpr=3&w=24&h=24,https://www.coursera.org/specializations/python-data-engineering
Data Processing and Feature Engineering with MATLAB,MathWorks,"Feature Engineering, Dimensionality Reduction, Data Integration",4.7 stars,1 - 3 Months,https://d3njjcbhbojbot.cloudfront.net/api/utilities/v1/imageproxy/https://s3.amazonaws.com/coursera-course-photos/a7/3b71f02ee747d486b4d126c98e805d/course2-1000x1000.jpg?auto=format%2Ccompress%2C%20enhance&dpr=1&w=265&h=216&q=50&fit=crop,https://d3njjcbhbojbot.cloudfront.net/api/utilities/v1/imageproxy/http://coursera-university-assets.s3.amazonaws.com/fa/50a7a8ef034044a4ae3efae492a918/mw-logo-300x300.png?auto=format%2Ccompress&dpr=3&w=24&h=24,https://www.coursera.org/learn/feature-engineering-matlab
IBM AI Foundations for Business,IBM,"Data Mining, Artificial Intelligence, Generative AI",IBM,1 - 3 Months,https://d3njjcbhbojbot.cloudfront.net/api/utilities/v1/imageproxy/https://d15cw65ipctsrr.cloudfront.net/bb/a0b5642d924caabb6101aa7e1afa66/IBM-AI-Foundations-for-Business.png?auto=format%2Ccompress%2C%20enhance&dpr=1&w=265&h=216&q=50&fit=crop,https://d3njjcbhbojbot.cloudfront.net/api/utilities/v1/imageproxy/http://coursera-university-assets.s3.amazonaws.com/58/a71c3f9f7342cd862014a6b2d50899/IBM-Logo-Blk---Square.png?auto=format%2Ccompress&dpr=3&w=24&h=24,https://www.coursera.org/specializations/ibm-ai-foundations-for-business
Clinical Data Science,University of Colorado System,"Tidyverse (R Package), Clinical Data Management, Extract, Transform, Load",4.5 stars,3 - 6 Months,https://d3njjcbhbojbot.cloudfront.net/api/utilities/v1/imageproxy/https://d15cw65ipctsrr.cloudfront.net/47/9b84dffd7341cba8042b21dc6196ec/Clinical-Data-Science-Specialization-Logo.png?auto=format%2Ccompress%2C%20enhance&dpr=1&w=265&h=216&q=50&fit=crop,https://d3njjcbhbojbot.cloudfront.net/api/utilities/v1/imageproxy/https://coursera-university-assets.s3.amazonaws.com/f7/06e620f1a111e38144319a9c8ed320/cu-stand-alone_1_.png?auto=format%2Ccompress&dpr=3&w=24&h=24,https://www.coursera.org/specializations/clinical-data-science
IBM & Darden Digital Strategy,University of Virginia Darden School Foundation,"Strategic Thinking, Digital Transformation, Business Strategy",IBM,3 - 6 Months,https://d3njjcbhbojbot.cloudfront.net/api/utilities/v1/imageproxy/https://d15cw65ipctsrr.cloudfront.net/1e/9830d71e1d48ba8b883e3912b9a144/IBM-Digital-Strategy_Specialization_600x600b.jpg?auto=format%2Ccompress%2C%20enhance&dpr=1&w=265&h=216&q=50&fit=crop,https://d3njjcbhbojbot.cloudfront.net/api/utilities/v1/imageproxy/http://coursera-university-assets.s3.amazonaws.com/d4/6c1c1ee0ca48c5993298bb2e0c7f46/Darden_Foundation_Monogram_360x360.png?auto=format%2Ccompress&dpr=3&w=24&h=24,https://www.coursera.org/specializations/digital-strategy
Python Data Structures,University of Michigan,"Data Structures, Python Programming, Data Manipulation",4.9 stars,1 - 3 Months,https://d3njjcbhbojbot.cloudfront.net/api/utilities/v1/imageproxy/https://s3.amazonaws.com/coursera-course-photos/44/2959b0502911e5851f058ad6ebf936/pythondata_thumbnail_1x1.png?auto=format%2Ccompress%2C%20enhance&dpr=1&w=265&h=216&q=50&fit=crop,https://d3njjcbhbojbot.cloudfront.net/api/utilities/v1/imageproxy/https://coursera-university-assets.s3.amazonaws.com/70/de505d47be7d3a063b51b6f856a6e2/New-Block-M-Stacked-Blue-295C_600x600.png?auto=format%2Ccompress&dpr=3&w=24&h=24,https://www.coursera.org/learn/python-data
Applied Data Science,IBM,"Dashboard, Data Visualization Software, Plotly",4.6 stars,3 - 6 Months,https://d3njjcbhbojbot.cloudfront.net/api/utilities/v1/imageproxy/https://d15cw65ipctsrr.cloudfront.net/8b/61b3208e9411e8bd0e199d89262fda/Applied_Data_Science.png?auto=format%2Ccompress%2C%20enhance&dpr=1&w=265&h=216&q=50&fit=crop,https://d3njjcbhbojbot.cloudfront.net/api/utilities/v1/imageproxy/http://coursera-university-assets.s3.amazonaws.com/bb/f5ced2bdd4437aa79f00eb1bf7fbf0/IBM-Logo-Blk---Square.png?auto=format%2Ccompress&dpr=3&w=24&h=24,https://www.coursera.org/specializations/applied-data-science
Advanced Statistics for Data Science,Johns Hopkins University,"Statistical Hypothesis Testing, Sampling (Statistics), Regression Analysis",4.4 stars,3 - 6 Months,https://d3njjcbhbojbot.cloudfront.net/api/utilities/v1/imageproxy/https://d15cw65ipctsrr.cloudfront.net/20/072d4521344715af77fe09d7c6725c/bootcamp_B-02-1-.jpg?auto=format%2Ccompress%2C%20enhance&dpr=1&w=265&h=216&q=50&fit=crop,https://d3njjcbhbojbot.cloudfront.net/api/utilities/v1/imageproxy/http://coursera-university-assets.s3.amazonaws.com/93/57fd6a96044c4bad3139afd3e87fd6/jhu-shield.png?auto=format%2Ccompress&dpr=3&w=24&h=24,https://www.coursera.org/specializations/advanced-statistics-data-science
Introduction to R Programming for Data Science,IBM,"Data Manipulation, Web Scraping, R Programming",4.5 stars,1 - 3 Months,https://d3njjcbhbojbot.cloudfront.net/api/utilities/v1/imageproxy/https://s3.amazonaws.com/coursera-course-photos/a9/76d2b0ced54f76b50bde6e4d16c6b5/Introduction-to-R.jpg?auto=format%2Ccompress%2C%20enhance&dpr=1&w=265&h=216&q=50&fit=crop,https://d3njjcbhbojbot.cloudfront.net/api/utilities/v1/imageproxy/http://coursera-university-assets.s3.amazonaws.com/bb/f5ced2bdd4437aa79f00eb1bf7fbf0/IBM-Logo-Blk---Square.png?auto=format%2Ccompress&dpr=3&w=24&h=24,https://www.coursera.org/learn/introducton-r-programming-data-science
IBM AI Developer,IBM,"Generative AI, Software Development Life Cycle, Unit Testing",4.6 stars,3 - 6 Months,https://d3njjcbhbojbot.cloudfront.net/api/utilities/v1/imageproxy/https://d15cw65ipctsrr.cloudfront.net/f3/2b860471b441f38659038b5ce24c1e/image-1-1-.png?auto=format%2Ccompress%2C%20enhance&dpr=1&w=265&h=216&q=50&fit=crop,https://d3njjcbhbojbot.cloudfront.net/api/utilities/v1/imageproxy/http://coursera-university-assets.s3.amazonaws.com/bb/f5ced2bdd4437aa79f00eb1bf7fbf0/IBM-Logo-Blk---Square.png?auto=format%2Ccompress&dpr=3&w=24&h=24,https://www.coursera.org/professional-certificates/applied-artifical-intelligence-ibm-watson-ai
Practical Data Science with MATLAB,MathWorks,"Data Storytelling, Feature Engineering, Supervised Learning",4.8 stars,3 - 6 Months,https://d3njjcbhbojbot.cloudfront.net/api/utilities/v1/imageproxy/https://d15cw65ipctsrr.cloudfront.net/dd/086c95d5994ce09cc5239d98fc49a4/specialization-800x800.jpg?auto=format%2Ccompress%2C%20enhance&dpr=1&w=265&h=216&q=50&fit=crop,https://d3njjcbhbojbot.cloudfront.net/api/utilities/v1/imageproxy/http://coursera-university-assets.s3.amazonaws.com/fa/50a7a8ef034044a4ae3efae492a918/mw-logo-300x300.png?auto=format%2Ccompress&dpr=3&w=24&h=24,https://www.coursera.org/specializations/practical-data-science-matlab
"Capstone: Retrieving, Processing, and Visualizing Data with Python",Capstone: Retrieving,"Data Processing, Data Cleansing, Data Collection",Processing,1 - 3 Months,https://d3njjcbhbojbot.cloudfront.net/api/utilities/v1/imageproxy/https://s3.amazonaws.com/coursera-course-photos/05/0ce7f00f7d11e79768fb52f584cd0d/python4e_capstone_1x1.png?auto=format%2Ccompress&dpr=2&blur=200&px=8&max-w=265,https://d3njjcbhbojbot.cloudfront.net/api/utilities/v1/imageproxy/https://coursera-university-assets.s3.amazonaws.com/70/de505d47be7d3a063b51b6f856a6e2/New-Block-M-Stacked-Blue-295C_600x600.png?auto=format%2Ccompress&dpr=3&w=24&h=24,https://www.coursera.org/learn/python-data-visualization
Code Free Data Science,University of California San Diego,"Predictive Modeling, Data Manipulation, Predictive Analytics",4.3 stars,1 - 4 Weeks,https://d3njjcbhbojbot.cloudfront.net/api/utilities/v1/imageproxy/https://s3.amazonaws.com/coursera-course-photos/2c/bca490356f41469c05d572719e79e4/Logo.jpg?auto=format%2Ccompress&dpr=2&blur=200&px=8&max-w=265,https://d3njjcbhbojbot.cloudfront.net/api/utilities/v1/imageproxy/https://coursera-university-assets.s3.amazonaws.com/4b/a551cb6e1307836a21059a79e7ae70/UCSanDiego-Coursera-square.png?auto=format%2Ccompress&dpr=3&w=24&h=24,https://www.coursera.org/learn/code-free-data-science
Expressway to Data Science: R Programming and Tidyverse,University of Colorado Boulder,"Tidyverse (R Package), Rmarkdown, R Programming",4.1 stars,1 - 3 Months,https://d3njjcbhbojbot.cloudfront.net/api/utilities/v1/imageproxy/https://d15cw65ipctsrr.cloudfront.net/67/460939584043d8a06c560f6d24cd53/r_programming_specialization_logo.png?auto=format%2Ccompress&dpr=2&blur=200&px=8&max-w=265,https://d3njjcbhbojbot.cloudfront.net/api/utilities/v1/imageproxy/http://coursera-university-assets.s3.amazonaws.com/a6/7035b7e00b401383be4e5856b8bdaa/Boulder-FL-VERT-B---cropped.png?auto=format%2Ccompress&dpr=3&w=24&h=24,https://www.coursera.org/specializations/data-science-r-programming-tidyverse
Data Science at Scale,University of Washington,"Feature Engineering, Unsupervised Learning, Data Ethics",4.2 stars,3 - 6 Months,https://d3njjcbhbojbot.cloudfront.net/api/utilities/v1/imageproxy/https://d2j5ihb19pt1hq.cloudfront.net/sdp_page/s12n_logos/UW_PracticalDataScience_Getty479524481.jpg?auto=format%2Ccompress&dpr=2&blur=200&px=8&max-w=265,https://d3njjcbhbojbot.cloudfront.net/api/utilities/v1/imageproxy/https://coursera-university-assets.s3.amazonaws.com/8c/ff2f50afdf11e5ae9d8158e68cbd96/UW_square_180x180.png?auto=format%2Ccompress&dpr=3&w=24&h=24,https://www.coursera.org/specializations/data-science
Data Science Foundations,IBM,"Dashboard, Pseudocode, Jupyter",University of London,3 - 6 Months,https://d3njjcbhbojbot.cloudfront.net/api/utilities/v1/imageproxy/https://d15cw65ipctsrr.cloudfront.net/ef/cf2f3ba81945708c528f4dac2604f1/s12n-1.png?auto=format%2Ccompress&dpr=2&blur=200&px=8&max-w=265,https://d3njjcbhbojbot.cloudfront.net/api/utilities/v1/imageproxy/http://coursera-university-assets.s3.amazonaws.com/bb/f5ced2bdd4437aa79f00eb1bf7fbf0/IBM-Logo-Blk---Square.png?auto=format%2Ccompress&dpr=3&w=24&h=24,https://www.coursera.org/specializations/data-science-foundations
IBM Data Architecture,IBM,"NoSQL, Data Warehousing, SQL",SkillUp EdTech,3 - 6 Months,https://d3njjcbhbojbot.cloudfront.net/api/utilities/v1/imageproxy/https://d15cw65ipctsrr.cloudfront.net/f5/426b8361ef484283551c888787fa72/DA_PC-Page_Logo-Image_600x600pxl-copy.png?auto=format%2Ccompress&dpr=2&blur=200&px=8&max-w=265,https://d3njjcbhbojbot.cloudfront.net/api/utilities/v1/imageproxy/http://coursera-university-assets.s3.amazonaws.com/bb/f5ced2bdd4437aa79f00eb1bf7fbf0/IBM-Logo-Blk---Square.png?auto=format%2Ccompress&dpr=3&w=24&h=24,https://www.coursera.org/professional-certificates/ibm-data-architect
Data Science Fundamentals with Python and SQL,IBM,"Dashboard, SQL, Descriptive Statistics",4.6 stars,3 - 6 Months,https://d3njjcbhbojbot.cloudfront.net/api/utilities/v1/imageproxy/https://d15cw65ipctsrr.cloudfront.net/bd/0202c87e244d30bdecd889bd2719ae/DataScienceFundamentalsPythonSQL.png?auto=format%2Ccompress&dpr=2&blur=200&px=8&max-w=265,https://d3njjcbhbojbot.cloudfront.net/api/utilities/v1/imageproxy/http://coursera-university-assets.s3.amazonaws.com/bb/f5ced2bdd4437aa79f00eb1bf7fbf0/IBM-Logo-Blk---Square.png?auto=format%2Ccompress&dpr=3&w=24&h=24,https://www.coursera.org/specializations/data-science-fundamentals-python-sql
SQL for Data Science Capstone Project,University of California,"Presentations, SQL, Descriptive Statistics",Davis,1 - 4 Weeks,https://d3njjcbhbojbot.cloudfront.net/api/utilities/v1/imageproxy/https://s3.amazonaws.com/coursera-course-photos/0b/a8e2ab6303499db8e212c6390836d2/DSV1070-GettyImages-961226836_1000x1000-square-1-.png?auto=format%2Ccompress&dpr=2&blur=200&px=8&max-w=265,https://d3njjcbhbojbot.cloudfront.net/api/utilities/v1/imageproxy/https://coursera-university-assets.s3.amazonaws.com/66/4d1f6067b511e599c247e28e57110c/Logo-B-for-Coursera.png?auto=format%2Ccompress&dpr=3&w=24&h=24,https://www.coursera.org/learn/sql-data-science-capstone
"BI Foundations with SQL, ETL and Data Warehousing",BI Foundations with SQL,"Data Warehousing, SQL, Extract, Transform, Load",ETL and Data Warehousing Specialization by IBM,3 - 6 Months,https://d3njjcbhbojbot.cloudfront.net/api/utilities/v1/imageproxy/https://d15cw65ipctsrr.cloudfront.net/27/a156f51493441cb45d0a9ec83b22f9/ETL-Specialization-1200x1200.jpg?auto=format%2Ccompress&dpr=2&blur=200&px=8&max-w=265,https://d3njjcbhbojbot.cloudfront.net/api/utilities/v1/imageproxy/http://coursera-university-assets.s3.amazonaws.com/bb/f5ced2bdd4437aa79f00eb1bf7fbf0/IBM-Logo-Blk---Square.png?auto=format%2Ccompress&dpr=3&w=24&h=24,https://www.coursera.org/specializations/bi-foundations-sql-etl-data-warehouse
Data Engineering Foundations,IBM,"SQL, Web Scraping, Database Design",4.6 stars,3 - 6 Months,https://d3njjcbhbojbot.cloudfront.net/api/utilities/v1/imageproxy/https://d15cw65ipctsrr.cloudfront.net/5c/4855219e884cc89ae6b6ffa5ae9f83/IBM-Data-Engineering-Foundations-Specialization.jpg?auto=format%2Ccompress%2C%20enhance&dpr=1&w=265&h=216&q=50&fit=crop,https://d3njjcbhbojbot.cloudfront.net/api/utilities/v1/imageproxy/http://coursera-university-assets.s3.amazonaws.com/bb/f5ced2bdd4437aa79f00eb1bf7fbf0/IBM-Logo-Blk---Square.png?auto=format%2Ccompress&dpr=3&w=24&h=24,https://www.coursera.org/specializations/data-engineering-foundations
Introduction to Big Data,University of California San Diego,"Big Data, Apache Hadoop, Scalability",4.6 stars,1 - 3 Months,https://d3njjcbhbojbot.cloudfront.net/api/utilities/v1/imageproxy/https://s3.amazonaws.com/coursera-course-photos/6c/8380704d0911e5ad1d830708963890/big-data-_2_.jpg?auto=format%2Ccompress%2C%20enhance&dpr=1&w=265&h=216&q=50&fit=crop,https://d3njjcbhbojbot.cloudfront.net/api/utilities/v1/imageproxy/https://coursera-university-assets.s3.amazonaws.com/4b/a551cb6e1307836a21059a79e7ae70/UCSanDiego-Coursera-square.png?auto=format%2Ccompress&dpr=3&w=24&h=24,https://www.coursera.org/learn/big-data-introduction
IBM Relational Database Administrator,IBM,"Data Warehousing, SQL, Extract, Transform, Load",4.6 stars,3 - 6 Months,https://d3njjcbhbojbot.cloudfront.net/api/utilities/v1/imageproxy/https://d15cw65ipctsrr.cloudfront.net/64/d864b985b44fc68bd06aff3c17f021/Image-4-.jpg?auto=format%2Ccompress%2C%20enhance&dpr=1&w=265&h=216&q=50&fit=crop,https://d3njjcbhbojbot.cloudfront.net/api/utilities/v1/imageproxy/http://coursera-university-assets.s3.amazonaws.com/bb/f5ced2bdd4437aa79f00eb1bf7fbf0/IBM-Logo-Blk---Square.png?auto=format%2Ccompress&dpr=3&w=24&h=24,https://www.coursera.org/professional-certificates/ibm-relational-database-administrator
Data Science Fundamentals,University of California,"Data Ethics, Predictive Modeling, Unsupervised Learning",Irvine,3 - 6 Months,https://d3njjcbhbojbot.cloudfront.net/api/utilities/v1/imageproxy/https://d15cw65ipctsrr.cloudfront.net/fe/b31ac86ee5473f888ea5a20bb848f8/ITDSATADM_Coursea_1200x1200_B_R1-1-.jpg?auto=format%2Ccompress%2C%20enhance&dpr=1&w=265&h=216&q=50&fit=crop,https://d3njjcbhbojbot.cloudfront.net/api/utilities/v1/imageproxy/https://coursera-university-assets.s3.amazonaws.com/39/31c7a00bb411e4b2adb7c560fb2da9/UCI_MB_PI_WM_300x300_YellowonBlue.png?auto=format%2Ccompress&dpr=3&w=24&h=24,https://www.coursera.org/specializations/data-science-fundamentals
